node_id,window_start,window_end,pdr_mean,pdr_var,pdr_corrected,speed_kmh,is_handoff,kl_divergence,autocorr_peak,rsu_id,packets_received_total,packets_forwarded_total,ground_truth_label,is_attacker,label_multiclass,label_binary
4,0.0,10.0,0.9351,0.0118,0.938,69.1,0,0.046,0.0416,RSU_02,61,56,BENIGN,0,0,0
4,1.0,11.0,0.8052,0.0065,0.8086,83.5,0,0.0513,0.0813,RSU_02,84,65,BENIGN,0,0,0
4,2.0,12.0,0.7843,0.0307,0.7869,64.4,0,0.0321,0.0816,RSU_02,120,94,BENIGN,0,0,0
4,3.0,13.0,0.9841,0.0287,0.987,69.6,0,0.0667,0.0013,RSU_02,85,85,BENIGN,0,0,0
4,4.0,14.0,0.8701,0.0007,0.8731,71.6,0,0.0189,0.0285,RSU_02,61,53,BENIGN,0,0,0
4,5.0,15.0,0.9686,0.0187,0.9713,63.3,0,0.0314,0.0724,RSU_02,140,136,BENIGN,0,0,0
4,6.0,16.0,0.8469,0.0309,0.85,73.5,0,0.0777,0.0943,RSU_02,76,63,BENIGN,0,0,0
4,7.0,17.0,0.8397,0.0107,0.8423,62.3,0,0.0703,0.0162,RSU_02,56,46,BENIGN,0,0,0
4,8.0,18.0,0.879,0.0251,0.8823,79.4,1,0.0679,0.023,RSU_02,131,112,BENIGN,0,0,0
4,9.0,19.0,0.8041,0.0286,0.8074,79.8,0,0.0174,0.0177,RSU_02,85,66,BENIGN,0,0,0
4,10.0,20.0,0.7821,0.0189,0.7848,64.2,0,0.0343,0.0234,RSU_02,55,44,BENIGN,0,0,0
4,11.0,21.0,0.9608,0.0004,0.9643,85.1,0,0.0773,0.0341,RSU_02,149,142,BENIGN,0,0,0
4,12.0,22.0,0.8547,0.0337,0.8577,72.3,0,0.0597,0.0992,RSU_02,111,91,BENIGN,0,0,0
4,13.0,23.0,0.8958,0.028,0.8986,66.8,0,0.0325,0.0548,RSU_02,144,128,BENIGN,0,0,0
4,14.0,24.0,0.9464,0.0025,0.9493,69.7,0,0.0065,0.0298,RSU_02,101,93,BENIGN,0,0,0
4,15.0,25.0,0.9801,0.0112,0.983,69.6,0,0.0585,0.0579,RSU_02,73,71,BENIGN,0,0,0
4,16.0,26.0,0.8412,0.0323,0.8442,73.4,0,0.0385,0.0655,RSU_02,68,53,BENIGN,0,0,0
4,17.0,27.0,0.944,0.0308,0.9464,58.2,0,0.0283,0.0694,RSU_02,144,136,BENIGN,0,0,0
4,18.0,28.0,0.802,0.0349,0.8048,65.7,0,0.0413,0.0385,RSU_02,55,44,BENIGN,0,0,0
4,19.0,29.0,0.8797,0.0372,0.883,80.3,1,0.0316,0.0428,RSU_02,107,93,BENIGN,0,0,0
4,20.0,30.0,0.9081,0.0368,0.9107,63.7,1,0.0085,0.0211,RSU_02,87,78,BENIGN,0,0,0
4,21.0,31.0,0.7915,0.0376,0.7944,69.0,0,0.0449,0.0659,RSU_02,86,69,BENIGN,0,0,0
4,22.0,32.0,0.8631,0.0341,0.8659,69.4,1,0.0604,0.0517,RSU_02,107,93,BENIGN,0,0,0
4,23.0,33.0,0.9825,0.0352,0.9858,78.9,0,0.0516,0.0372,RSU_02,111,111,BENIGN,0,0,0
4,24.0,34.0,0.8655,0.023,0.8679,58.7,0,0.0343,0.0264,RSU_02,126,111,BENIGN,0,0,0
4,25.0,35.0,0.9658,0.0302,0.9687,67.8,0,0.0259,0.0938,RSU_02,57,55,BENIGN,0,0,0
4,26.0,36.0,0.8932,0.0319,0.8963,73.7,0,0.0674,0.0401,RSU_02,92,81,BENIGN,0,0,0
4,27.0,37.0,0.8932,0.0079,0.8961,69.4,0,0.0432,0.0183,RSU_02,93,83,BENIGN,0,0,0
4,28.0,38.0,0.932,0.0075,0.935,72.4,1,0.0591,0.0479,RSU_02,95,91,BENIGN,0,0,0
4,29.0,39.0,0.8422,0.0348,0.8454,77.5,1,0.0015,0.0545,RSU_02,122,104,BENIGN,0,0,0
4,30.0,40.0,0.9253,0.0329,0.9289,84.6,0,0.0517,0.0402,RSU_02,97,91,BENIGN,0,0,0
4,31.0,41.0,0.8518,0.0372,0.8551,79.1,0,0.0463,0.0179,RSU_02,116,99,BENIGN,0,0,0
4,32.0,42.0,0.8904,0.0356,0.8932,67.5,0,0.0264,0.0062,RSU_02,97,87,BENIGN,0,0,0
4,33.0,43.0,0.9251,0.0355,0.9285,81.3,0,0.0362,0.0772,RSU_02,134,121,BENIGN,0,0,0
4,34.0,44.0,0.9271,0.0101,0.9302,74.4,0,0.0648,0.095,RSU_02,96,92,BENIGN,0,0,0
4,35.0,45.0,0.8949,0.0353,0.8983,82.3,0,0.0359,0.0061,RSU_02,134,121,BENIGN,0,0,0
4,36.0,46.0,0.7865,0.0374,0.7898,81.0,1,0.0118,0.081,RSU_02,132,104,BENIGN,0,0,0
4,37.0,47.0,0.9667,0.017,0.9695,68.2,0,0.0331,0.0443,RSU_02,58,56,BENIGN,0,0,0
4,38.0,48.0,0.9164,0.036,0.9193,67.7,0,0.0665,0.0938,RSU_02,136,125,BENIGN,0,0,0
4,39.0,49.0,0.7919,0.0271,0.7951,76.6,0,0.0263,0.0468,RSU_02,118,95,BENIGN,0,0,0
4,40.0,50.0,0.8582,0.0044,0.8606,56.5,0,0.0777,0.0574,RSU_02,62,51,BENIGN,0,0,0
4,41.0,51.0,0.7875,0.038,0.7908,79.1,0,0.022,0.0016,RSU_02,57,40,BENIGN,0,0,0
4,42.0,52.0,0.8597,0.0249,0.8624,65.3,1,0.0089,0.0313,RSU_02,91,78,BENIGN,0,0,0
4,43.0,53.0,0.7898,0.0208,0.7929,74.0,1,0.0198,0.0095,RSU_02,92,70,BENIGN,0,0,0
4,44.0,54.0,0.9631,0.0389,0.9663,75.7,0,0.0611,0.0608,RSU_02,86,83,BENIGN,0,0,0
4,45.0,55.0,0.8781,0.0289,0.8814,78.3,0,0.0396,0.0432,RSU_02,91,78,BENIGN,0,0,0
4,46.0,56.0,0.9636,0.0353,0.9659,55.5,0,0.0182,0.0896,RSU_02,84,81,BENIGN,0,0,0
4,47.0,57.0,0.7911,0.0149,0.7946,82.7,0,0.0577,0.0327,RSU_02,112,86,BENIGN,0,0,0
4,48.0,58.0,0.8708,0.0067,0.8743,83.8,0,0.0255,0.0432,RSU_02,121,107,BENIGN,0,0,0
4,49.0,59.0,0.9505,0.0313,0.9538,79.3,0,0.0546,0.044,RSU_02,148,142,BENIGN,0,0,0
4,50.0,60.0,0.9256,0.037,0.9283,62.9,0,0.0143,0.0082,RSU_02,138,128,BENIGN,0,0,0
4,51.0,61.0,0.9186,0.0132,0.9216,72.0,0,0.0702,0.0108,RSU_02,53,49,BENIGN,0,0,0
4,52.0,62.0,0.7938,0.0302,0.7966,68.5,1,0.0131,0.0914,RSU_02,86,66,BENIGN,0,0,0
4,53.0,63.0,0.9007,0.0224,0.9034,64.9,0,0.0615,0.0758,RSU_02,117,106,BENIGN,0,0,0
4,54.0,64.0,0.9879,0.0328,0.9913,81.6,0,0.0035,0.0321,RSU_02,107,105,BENIGN,0,0,0
4,55.0,65.0,0.8394,0.0074,0.8426,77.0,0,0.0043,0.0573,RSU_02,118,102,BENIGN,0,0,0
4,56.0,66.0,0.8009,0.0281,0.8043,82.1,1,0.0294,0.0671,RSU_02,133,103,BENIGN,0,0,0
4,57.0,67.0,0.9341,0.031,0.9371,71.7,0,0.0628,0.0228,RSU_02,69,65,BENIGN,0,0,0
4,58.0,68.0,0.802,0.0287,0.8056,86.1,0,0.024,0.0166,RSU_02,64,52,BENIGN,0,0,0
4,59.0,69.0,0.7843,0.0039,0.7877,80.6,0,0.0232,0.066,RSU_02,59,42,BENIGN,0,0,0
4,60.0,70.0,0.8162,0.0027,0.8189,65.8,0,0.0537,0.0463,RSU_02,133,108,BENIGN,0,0,0
4,61.0,71.0,0.8658,0.0121,0.8692,82.2,0,0.0064,0.0939,RSU_02,104,88,BENIGN,0,0,0
4,62.0,72.0,0.7988,0.0257,0.8021,78.9,0,0.0124,0.0414,RSU_02,112,91,BENIGN,0,0,0
4,63.0,73.0,0.8113,0.0138,0.8146,79.4,0,0.0034,0.0719,RSU_02,145,119,BENIGN,0,0,0
4,64.0,74.0,0.9599,0.0221,0.9629,70.7,0,0.0037,0.0974,RSU_02,132,126,BENIGN,0,0,0
4,65.0,75.0,0.9553,0.0264,0.9576,56.9,0,0.0047,0.0958,RSU_02,64,59,BENIGN,0,0,0
4,66.0,76.0,0.8159,0.0348,0.8192,79.8,0,0.0336,0.0655,RSU_02,100,84,BENIGN,0,0,0
4,67.0,77.0,0.8563,0.0344,0.8593,72.6,0,0.0374,0.0213,RSU_02,143,125,BENIGN,0,0,0
4,68.0,78.0,0.9437,0.0096,0.9467,70.0,0,0.0206,0.0307,RSU_02,109,101,BENIGN,0,0,0
4,69.0,79.0,0.8564,0.0173,0.8598,82.5,0,0.0311,0.096,RSU_02,126,109,BENIGN,0,0,0
4,70.0,80.0,0.9087,0.0187,0.9116,69.8,0,0.0648,0.0768,RSU_02,100,88,BENIGN,0,0,0
4,71.0,81.0,0.9808,0.0107,0.9841,77.3,0,0.0214,0.0889,RSU_02,127,125,BENIGN,0,0,0
4,72.0,82.0,0.8127,0.0051,0.8155,65.9,0,0.001,0.063,RSU_02,85,69,BENIGN,0,0,0
4,73.0,83.0,0.9778,0.0128,0.9807,71.4,0,0.0267,0.084,RSU_02,114,110,BENIGN,0,0,0
4,74.0,84.0,0.8235,0.0396,0.8268,81.1,0,0.0665,0.0589,RSU_02,116,98,BENIGN,0,0,0
4,75.0,85.0,0.9819,0.0214,0.9848,69.8,0,0.0303,0.0762,RSU_02,102,100,BENIGN,0,0,0
4,76.0,86.0,0.827,0.0183,0.8299,67.9,0,0.0092,0.0603,RSU_02,87,72,BENIGN,0,0,0
4,77.0,87.0,0.9476,0.0229,0.951,82.3,1,0.0789,0.0589,RSU_02,55,51,BENIGN,0,0,0
4,78.0,88.0,0.8828,0.0387,0.8857,70.3,0,0.076,0.0984,RSU_02,136,122,BENIGN,0,0,0
4,79.0,89.0,0.9289,0.0385,0.9319,73.2,0,0.0457,0.0085,RSU_02,109,101,BENIGN,0,0,0
4,80.0,90.0,0.9057,0.015,0.9084,65.5,0,0.03,0.0133,RSU_02,144,131,BENIGN,0,0,0
4,81.0,91.0,0.8576,0.0243,0.861,80.1,1,0.0362,0.0778,RSU_02,92,80,BENIGN,0,0,0
4,82.0,92.0,0.8491,0.0177,0.8524,80.3,1,0.0154,0.045,RSU_02,65,53,BENIGN,0,0,0
4,83.0,93.0,0.9629,0.0074,0.9667,89.3,1,0.018,0.0661,RSU_02,96,93,BENIGN,0,0,0
4,84.0,94.0,0.9096,0.0054,0.9123,65.2,0,0.0299,0.081,RSU_02,106,96,BENIGN,0,0,0
4,85.0,95.0,0.8887,0.0337,0.8917,71.7,0,0.0349,0.0433,RSU_02,140,122,BENIGN,0,0,0
4,86.0,96.0,0.9076,0.023,0.9113,87.1,0,0.0317,0.0991,RSU_02,138,129,BENIGN,0,0,0
4,87.0,97.0,0.8188,0.0122,0.822,75.8,0,0.0619,0.0454,RSU_02,138,116,BENIGN,0,0,0
4,88.0,98.0,0.8885,0.0356,0.8916,74.1,0,0.0792,0.0116,RSU_02,62,52,BENIGN,0,0,0
4,89.0,99.0,0.934,0.0162,0.9372,77.0,0,0.0502,0.077,RSU_02,104,95,BENIGN,0,0,0
4,90.0,100.0,0.8946,0.0185,0.8974,66.9,0,0.0721,0.0907,RSU_02,132,118,BENIGN,0,0,0
4,91.0,101.0,0.8288,0.0137,0.8324,85.4,0,0.0057,0.0332,RSU_02,96,77,BENIGN,0,0,0
4,92.0,102.0,0.8281,0.0076,0.8311,73.1,0,0.0415,0.0673,RSU_02,54,45,BENIGN,0,0,0
4,93.0,103.0,0.9297,0.0204,0.9326,72.0,0,0.0128,0.0894,RSU_02,79,70,BENIGN,0,0,0
4,94.0,104.0,0.8847,0.0246,0.8881,80.8,0,0.0268,0.0678,RSU_02,96,86,BENIGN,0,0,0
4,95.0,105.0,0.9652,0.0341,0.9687,82.9,1,0.0405,0.049,RSU_02,86,82,BENIGN,0,0,0
4,96.0,106.0,0.9438,0.0258,0.9475,87.5,0,0.0093,0.0374,RSU_02,63,61,BENIGN,0,0,0
4,97.0,107.0,0.917,0.0203,0.9202,76.5,0,0.012,0.033,RSU_02,63,58,BENIGN,0,0,0
4,98.0,108.0,0.9254,0.0184,0.9282,67.8,0,0.0108,0.0315,RSU_02,82,76,BENIGN,0,0,0
4,99.0,109.0,0.9398,0.0075,0.9427,68.6,0,0.0575,0.0669,RSU_02,124,117,BENIGN,0,0,0
4,100.0,110.0,0.8568,0.0317,0.8598,70.6,0,0.059,0.0925,RSU_02,55,46,BENIGN,0,0,0
4,101.0,111.0,0.8015,0.0257,0.8043,66.5,0,0.026,0.0633,RSU_02,133,104,BENIGN,0,0,0
4,102.0,112.0,0.907,0.0162,0.9103,80.3,0,0.0619,0.0606,RSU_02,99,89,BENIGN,0,0,0
4,103.0,113.0,0.9077,0.025,0.9107,72.1,0,0.0351,0.0487,RSU_02,145,133,BENIGN,0,0,0
4,104.0,114.0,0.9849,0.0291,0.9878,69.6,0,0.0732,0.0304,RSU_02,124,122,BENIGN,0,0,0
4,105.0,115.0,0.9118,0.0192,0.9145,65.9,0,0.0662,0.0833,RSU_02,135,125,BENIGN,0,0,0
4,106.0,116.0,0.9546,0.0196,0.9576,73.4,0,0.0197,0.0507,RSU_02,64,63,BENIGN,0,0,0
4,107.0,117.0,0.9809,0.0311,0.9836,65.3,0,0.063,0.0624,RSU_02,133,132,BENIGN,0,0,0
4,108.0,118.0,0.8202,0.0377,0.8235,78.2,0,0.0321,0.0528,RSU_02,62,53,BENIGN,0,0,0
4,109.0,119.0,0.9848,0.0387,0.9886,91.9,0,0.0279,0.0991,RSU_02,95,95,BENIGN,0,0,0
4,110.0,120.0,0.9829,0.0379,0.9858,70.7,0,0.0547,0.0798,RSU_02,67,66,BENIGN,0,0,0
4,111.0,121.0,0.8038,0.0043,0.8071,80.1,1,0.0579,0.0142,RSU_02,96,80,BENIGN,0,0,0
4,112.0,122.0,0.9238,0.0206,0.9271,79.7,0,0.0371,0.0398,RSU_02,136,121,BENIGN,0,0,0
4,113.0,123.0,0.8556,0.0339,0.8582,64.3,0,0.0262,0.0702,RSU_02,54,44,BENIGN,0,0,0
4,114.0,124.0,0.9831,0.0184,0.9856,61.3,0,0.066,0.07,RSU_02,146,141,BENIGN,0,0,0
4,115.0,125.0,0.8328,0.0369,0.836,76.3,1,0.0741,0.0799,RSU_02,148,126,BENIGN,0,0,0
4,116.0,126.0,0.958,0.0345,0.961,72.8,0,0.0493,0.0928,RSU_02,100,95,BENIGN,0,0,0
4,117.0,127.0,0.9724,0.0155,0.9755,72.9,0,0.0403,0.0329,RSU_02,116,114,BENIGN,0,0,0
4,118.0,128.0,0.7906,0.0221,0.7933,65.3,0,0.0236,0.0134,RSU_02,127,99,BENIGN,0,0,0
4,119.0,129.0,0.9032,0.0264,0.9061,68.4,0,0.0014,0.0242,RSU_02,93,82,BENIGN,0,0,0
4,120.0,130.0,0.9114,0.0135,0.9148,80.0,0,0.0561,0.0844,RSU_02,109,98,BENIGN,0,0,0
4,121.0,131.0,0.8456,0.0298,0.8489,79.4,0,0.0165,0.0779,RSU_02,130,111,BENIGN,0,0,0
4,122.0,132.0,0.8009,0.0297,0.804,73.0,0,0.0709,0.0651,RSU_02,64,53,BENIGN,0,0,0
4,123.0,133.0,0.9346,0.0387,0.9384,89.7,0,0.0092,0.0581,RSU_02,119,108,BENIGN,0,0,0
4,124.0,134.0,0.8697,0.0169,0.8728,74.0,0,0.0203,0.0818,RSU_02,148,129,BENIGN,0,0,0
4,125.0,135.0,0.833,0.0028,0.8362,77.4,0,0.0394,0.0085,RSU_02,76,65,BENIGN,0,0,0
4,126.0,136.0,0.9803,0.0111,0.9833,71.3,1,0.0355,0.0899,RSU_02,117,113,BENIGN,0,0,0
4,127.0,137.0,0.9643,0.0257,0.9679,85.9,0,0.0712,0.0535,RSU_02,77,75,BENIGN,0,0,0
4,128.0,138.0,0.7884,0.0159,0.7916,74.8,0,0.0758,0.025,RSU_02,144,115,BENIGN,0,0,0
4,129.0,139.0,0.9429,0.0252,0.9467,89.5,0,0.0786,0.0686,RSU_02,147,140,BENIGN,0,0,0
4,130.0,140.0,0.8137,0.039,0.8161,56.5,0,0.0252,0.0429,RSU_02,77,60,BENIGN,0,0,0
4,131.0,141.0,0.9366,0.0075,0.9395,68.7,1,0.0188,0.0793,RSU_02,59,55,BENIGN,0,0,0
4,132.0,142.0,0.9268,0.0036,0.9297,70.7,0,0.0711,0.0909,RSU_02,60,55,BENIGN,0,0,0
4,133.0,143.0,0.9557,0.0287,0.9594,87.9,0,0.028,0.0734,RSU_02,144,135,BENIGN,0,0,0
4,134.0,144.0,0.8846,0.0217,0.8876,71.6,0,0.0241,0.0667,RSU_02,114,99,BENIGN,0,0,0
4,135.0,145.0,0.8548,0.0196,0.8576,66.2,0,0.0737,0.0481,RSU_02,51,43,BENIGN,0,0,0
4,136.0,146.0,0.8878,0.01,0.8913,84.1,0,0.0372,0.0564,RSU_02,149,131,BENIGN,0,0,0
4,137.0,147.0,0.8544,0.0325,0.858,84.8,0,0.0396,0.0995,RSU_02,95,83,BENIGN,0,0,0
4,138.0,148.0,0.8326,0.0141,0.8357,75.4,1,0.0592,0.0494,RSU_02,52,42,BENIGN,0,0,0
4,139.0,149.0,0.8849,0.0284,0.8875,63.2,0,0.0175,0.0761,RSU_02,122,111,BENIGN,0,0,0
4,140.0,150.0,0.8662,0.0377,0.8699,89.1,1,0.0349,0.0985,RSU_02,55,46,BENIGN,0,0,0
4,141.0,151.0,0.9839,0.0052,0.9872,78.7,0,0.0717,0.0691,RSU_02,75,75,BENIGN,0,0,0
4,142.0,152.0,0.8617,0.034,0.8647,72.6,0,0.0509,0.0141,RSU_02,114,100,BENIGN,0,0,0
4,143.0,153.0,0.7846,0.0085,0.7876,70.9,0,0.0429,0.0482,RSU_02,100,75,BENIGN,0,0,0
4,144.0,154.0,0.8552,0.0352,0.8585,80.3,0,0.0515,0.0713,RSU_02,77,63,BENIGN,0,0,0
4,145.0,155.0,0.9189,0.0261,0.9219,72.8,0,0.0688,0.014,RSU_02,92,84,BENIGN,0,0,0
4,146.0,156.0,0.9686,0.0211,0.9716,72.1,1,0.068,0.006,RSU_02,72,68,BENIGN,0,0,0
4,147.0,157.0,0.8612,0.0082,0.864,68.4,0,0.0052,0.0079,RSU_02,126,105,BENIGN,0,0,0
4,148.0,158.0,0.8084,0.0057,0.8121,87.5,0,0.0604,0.0721,RSU_02,87,69,BENIGN,0,0,0
4,149.0,159.0,0.8019,0.0359,0.8048,70.4,1,0.0468,0.0934,RSU_02,84,64,BENIGN,0,0,0
4,150.0,160.0,0.8072,0.0001,0.8099,65.5,0,0.0745,0.0555,RSU_02,142,115,BENIGN,0,0,0
4,151.0,161.0,0.9283,0.0226,0.9309,64.0,0,0.074,0.0025,RSU_02,120,109,BENIGN,0,0,0
4,152.0,162.0,0.8861,0.0055,0.8888,65.8,0,0.0162,0.0408,RSU_02,90,78,BENIGN,0,0,0
4,153.0,163.0,0.9837,0.0377,0.9865,67.0,1,0.0387,0.0995,RSU_02,117,114,BENIGN,0,0,0
4,154.0,164.0,0.9686,0.0179,0.9718,75.6,0,0.0039,0.0188,RSU_02,56,55,BENIGN,0,0,0
4,155.0,165.0,0.815,0.0178,0.818,71.0,1,0.0272,0.0468,RSU_02,92,72,BENIGN,0,0,0
4,156.0,166.0,0.8008,0.0341,0.8041,78.2,1,0.0405,0.0766,RSU_02,71,57,BENIGN,0,0,0
4,157.0,167.0,0.9464,0.03,0.9492,67.4,0,0.0029,0.0799,RSU_02,63,60,BENIGN,0,0,0
4,158.0,168.0,0.9189,0.0243,0.9221,77.0,0,0.0087,0.0656,RSU_02,142,127,BENIGN,0,0,0
4,159.0,169.0,0.8765,0.0115,0.8797,76.5,0,0.0283,0.0029,RSU_02,148,127,BENIGN,0,0,0
4,160.0,170.0,0.8933,0.0152,0.8964,74.0,0,0.0288,0.0464,RSU_02,77,73,BENIGN,0,0,0
4,161.0,171.0,0.8121,0.0013,0.8152,75.7,0,0.0197,0.098,RSU_02,132,104,BENIGN,0,0,0
4,162.0,172.0,0.9865,0.0119,0.9898,79.5,0,0.0192,0.0638,RSU_02,87,86,BENIGN,0,0,0
4,163.0,173.0,0.8379,0.002,0.8405,62.1,0,0.073,0.0883,RSU_02,147,125,BENIGN,0,0,0
4,164.0,174.0,0.8064,0.0076,0.8098,81.6,0,0.0232,0.089,RSU_02,67,56,BENIGN,0,0,0
4,165.0,175.0,0.8032,0.0108,0.8062,74.2,0,0.0767,0.0266,RSU_02,79,65,BENIGN,0,0,0
4,166.0,176.0,0.9149,0.0182,0.9179,71.3,0,0.0443,0.0122,RSU_02,130,118,BENIGN,0,0,0
4,167.0,177.0,0.9348,0.0361,0.9377,68.7,0,0.0189,0.0456,RSU_02,68,63,BENIGN,0,0,0
4,168.0,178.0,0.9301,0.0217,0.9333,77.0,1,0.0663,0.0272,RSU_02,140,125,BENIGN,0,0,0
4,169.0,179.0,0.8199,0.0271,0.8232,78.9,0,0.057,0.0985,RSU_02,104,86,BENIGN,0,0,0
4,170.0,180.0,0.8172,0.013,0.8206,81.2,0,0.0434,0.017,RSU_02,52,40,BENIGN,0,0,0
4,171.0,181.0,0.8701,0.0305,0.8734,80.8,1,0.0763,0.0985,RSU_02,92,79,BENIGN,0,0,0
4,172.0,182.0,0.8865,0.0052,0.8899,79.9,0,0.0697,0.0358,RSU_02,112,101,BENIGN,0,0,0
4,173.0,183.0,0.9381,0.0385,0.9411,70.5,0,0.0237,0.0165,RSU_02,100,92,BENIGN,0,0,0
4,174.0,184.0,0.856,0.0075,0.8586,63.4,0,0.0266,0.0564,RSU_02,122,104,BENIGN,0,0,0
4,175.0,185.0,0.9721,0.0371,0.9761,95.6,1,0.0547,0.0018,RSU_02,103,96,BENIGN,0,0,0
4,176.0,186.0,0.8471,0.0185,0.8506,83.8,0,0.0117,0.0357,RSU_02,135,115,BENIGN,0,0,0
4,177.0,187.0,0.8164,0.0058,0.8194,71.8,0,0.0732,0.0882,RSU_02,53,41,BENIGN,0,0,0
4,178.0,188.0,0.8838,0.0397,0.8872,80.0,0,0.0035,0.0234,RSU_02,89,81,BENIGN,0,0,0
4,179.0,189.0,0.7895,0.0163,0.7928,80.3,0,0.0333,0.0965,RSU_02,109,85,BENIGN,0,0,0
4,180.0,190.0,0.9134,0.0095,0.9169,85.0,0,0.0699,0.0732,RSU_02,124,115,BENIGN,0,0,0
4,181.0,191.0,0.8491,0.0336,0.8522,73.8,0,0.061,0.0721,RSU_02,149,124,BENIGN,0,0,0
4,182.0,192.0,0.8457,0.0064,0.8491,80.9,0,0.0717,0.0595,RSU_02,132,109,BENIGN,0,0,0
4,183.0,193.0,0.8601,0.0389,0.8627,62.0,0,0.0005,0.0986,RSU_02,148,127,BENIGN,0,0,0
4,184.0,194.0,0.8631,0.0011,0.8662,73.8,0,0.0179,0.0945,RSU_02,51,44,BENIGN,0,0,0
4,185.0,195.0,0.7985,0.0344,0.8013,67.5,0,0.0473,0.0902,RSU_02,118,94,BENIGN,0,0,0
4,186.0,196.0,0.901,0.0194,0.9041,73.9,0,0.0677,0.0645,RSU_02,130,118,BENIGN,0,0,0
4,187.0,197.0,0.8219,0.0233,0.8248,69.0,0,0.0542,0.0997,RSU_02,53,44,BENIGN,0,0,0
4,188.0,198.0,0.9348,0.0359,0.9382,83.4,0,0.0258,0.0088,RSU_02,55,50,BENIGN,0,0,0
4,189.0,199.0,0.8513,0.0152,0.8546,77.5,0,0.0766,0.0064,RSU_02,127,109,BENIGN,0,0,0
4,190.0,200.0,0.8495,0.0289,0.8525,73.1,0,0.0566,0.0535,RSU_02,127,107,BENIGN,0,0,0
4,191.0,201.0,0.9037,0.0005,0.9062,60.6,0,0.0721,0.0546,RSU_02,136,124,BENIGN,0,0,0
4,192.0,202.0,0.8673,0.018,0.8703,72.7,0,0.0716,0.0788,RSU_02,62,55,BENIGN,0,0,0
4,193.0,203.0,0.8536,0.0149,0.8571,84.7,0,0.0579,0.05,RSU_02,107,92,BENIGN,0,0,0
4,194.0,204.0,0.8108,0.0117,0.8142,81.5,0,0.0406,0.0342,RSU_02,106,87,BENIGN,0,0,0
4,195.0,205.0,0.8923,0.0169,0.8954,74.0,0,0.0227,0.0904,RSU_02,68,59,BENIGN,0,0,0
4,196.0,206.0,0.964,0.005,0.9673,78.0,0,0.0395,0.0457,RSU_02,50,48,BENIGN,0,0,0
4,197.0,207.0,0.977,0.0034,0.9794,57.4,0,0.0262,0.0444,RSU_02,95,91,BENIGN,0,0,0
4,198.0,208.0,0.9291,0.0354,0.9321,71.4,1,0.0411,0.0581,RSU_02,66,64,BENIGN,0,0,0
4,199.0,209.0,0.9749,0.0209,0.9778,68.2,0,0.0154,0.0266,RSU_02,88,84,BENIGN,0,0,0
4,200.0,210.0,0.8986,0.0097,0.9013,65.9,0,0.0063,0.0024,RSU_02,75,71,BENIGN,0,0,0
4,201.0,211.0,0.9304,0.0244,0.9334,71.7,0,0.0682,0.0282,RSU_02,138,127,BENIGN,0,0,0
4,202.0,212.0,0.8006,0.039,0.8032,61.3,0,0.0111,0.0341,RSU_02,81,61,BENIGN,0,0,0
4,203.0,213.0,0.9156,0.0399,0.9185,70.8,1,0.0186,0.028,RSU_02,147,136,BENIGN,0,0,0
4,204.0,214.0,0.9758,0.0393,0.9789,74.2,0,0.0652,0.0315,RSU_02,90,85,BENIGN,0,0,0
4,205.0,215.0,0.868,0.0263,0.8712,77.3,0,0.0132,0.0435,RSU_02,113,97,BENIGN,0,0,0
4,206.0,216.0,0.9489,0.0356,0.9515,61.4,1,0.0776,0.0719,RSU_02,104,96,BENIGN,0,0,0
4,207.0,217.0,0.9575,0.0004,0.9611,87.5,0,0.0176,0.0666,RSU_02,139,134,BENIGN,0,0,0
4,208.0,218.0,0.935,0.0296,0.9378,67.5,0,0.0486,0.0291,RSU_02,142,136,BENIGN,0,0,0
4,209.0,219.0,0.8522,0.035,0.8558,85.3,0,0.004,0.0512,RSU_02,98,84,BENIGN,0,0,0
4,210.0,220.0,0.9745,0.0229,0.9773,67.2,0,0.0084,0.0193,RSU_02,149,147,BENIGN,0,0,0
4,211.0,221.0,0.966,0.0302,0.9692,77.5,0,0.0478,0.0011,RSU_02,137,129,BENIGN,0,0,0
4,212.0,222.0,0.9258,0.0028,0.9291,79.8,0,0.0596,0.0338,RSU_02,85,78,BENIGN,0,0,0
4,213.0,223.0,0.8573,0.029,0.8602,69.4,0,0.0066,0.0591,RSU_02,98,81,BENIGN,0,0,0
4,214.0,224.0,0.8981,0.003,0.9017,85.9,0,0.0278,0.0226,RSU_02,121,108,BENIGN,0,0,0
4,215.0,225.0,0.7982,0.0294,0.8018,87.1,0,0.0667,0.0904,RSU_02,107,85,BENIGN,0,0,0
4,216.0,226.0,0.8145,0.0028,0.8178,80.4,0,0.0256,0.0474,RSU_02,149,123,BENIGN,0,0,0
4,217.0,227.0,0.8229,0.0023,0.8266,87.1,0,0.0437,0.07,RSU_02,149,121,BENIGN,0,0,0
4,218.0,228.0,0.9248,0.0239,0.9281,80.1,0,0.0042,0.0078,RSU_02,52,47,BENIGN,0,0,0
4,219.0,229.0,0.9072,0.0116,0.9108,84.7,0,0.0638,0.0798,RSU_02,127,113,BENIGN,0,0,0
4,220.0,230.0,0.8191,0.0116,0.8216,59.3,0,0.0147,0.0674,RSU_02,118,97,BENIGN,0,0,0
4,221.0,231.0,0.9713,0.0203,0.9741,65.9,1,0.0326,0.0589,RSU_02,69,69,BENIGN,0,0,0
4,222.0,232.0,0.8313,0.0357,0.8343,71.8,0,0.0425,0.0483,RSU_02,118,96,BENIGN,0,0,0
4,223.0,233.0,0.8424,0.0193,0.8456,76.3,1,0.0553,0.0243,RSU_02,103,89,BENIGN,0,0,0
4,224.0,234.0,0.9626,0.0188,0.9655,69.7,0,0.0778,0.0076,RSU_02,50,50,BENIGN,0,0,0
4,225.0,235.0,0.8801,0.005,0.8836,85.0,0,0.0136,0.0852,RSU_02,136,116,BENIGN,0,0,0
4,226.0,236.0,0.8226,0.0171,0.8261,83.3,0,0.0557,0.0537,RSU_02,51,44,BENIGN,0,0,0
4,227.0,237.0,0.8002,0.0201,0.8035,79.4,0,0.0365,0.041,RSU_02,133,103,BENIGN,0,0,0
4,228.0,238.0,0.789,0.0164,0.7919,69.0,1,0.0575,0.0204,RSU_02,114,89,BENIGN,0,0,0
4,229.0,239.0,0.9238,0.0187,0.9265,65.0,0,0.0269,0.0619,RSU_02,147,137,BENIGN,0,0,0
4,230.0,240.0,0.796,0.0221,0.7984,58.5,0,0.0263,0.0121,RSU_02,96,73,BENIGN,0,0,0
4,231.0,241.0,0.8837,0.0175,0.8868,75.4,0,0.0215,0.07,RSU_02,62,51,BENIGN,0,0,0
4,232.0,242.0,0.8845,0.0175,0.8875,73.7,0,0.0314,0.05,RSU_02,102,94,BENIGN,0,0,0
4,233.0,243.0,0.8668,0.0149,0.8703,82.7,0,0.0429,0.0453,RSU_02,138,121,BENIGN,0,0,0
4,234.0,244.0,0.9839,0.0254,0.9872,78.8,0,0.0771,0.0158,RSU_02,55,54,BENIGN,0,0,0
4,235.0,245.0,0.8245,0.0209,0.8277,76.1,0,0.0519,0.0315,RSU_02,121,99,BENIGN,0,0,0
4,236.0,246.0,0.8629,0.004,0.8656,65.9,0,0.061,0.0365,RSU_02,137,115,BENIGN,0,0,0
4,237.0,247.0,0.8482,0.0249,0.8504,54.6,0,0.0074,0.0621,RSU_02,77,66,BENIGN,0,0,0
4,238.0,248.0,0.8696,0.0029,0.8727,74.2,0,0.0715,0.0611,RSU_02,61,52,BENIGN,0,0,0
4,239.0,249.0,0.9074,0.0323,0.9102,66.3,1,0.0599,0.0203,RSU_02,136,130,BENIGN,0,0,0
4,240.0,250.0,0.8821,0.0239,0.8853,77.4,1,0.0198,0.0771,RSU_02,112,98,BENIGN,0,0,0
4,241.0,251.0,0.8212,0.0398,0.8243,74.3,0,0.0718,0.0293,RSU_02,104,84,BENIGN,0,0,0
4,242.0,252.0,0.8554,0.0322,0.8588,82.4,0,0.0399,0.0397,RSU_02,143,120,BENIGN,0,0,0
4,243.0,253.0,0.8349,0.013,0.8369,48.9,0,0.0746,0.0679,RSU_02,132,112,BENIGN,0,0,0
4,244.0,254.0,0.8469,0.0064,0.8501,76.5,0,0.0409,0.0388,RSU_02,65,51,BENIGN,0,0,0
4,245.0,255.0,0.9272,0.0018,0.9308,85.6,0,0.0126,0.0071,RSU_02,50,47,BENIGN,0,0,0
4,246.0,256.0,0.7936,0.0212,0.7964,66.9,0,0.0219,0.0796,RSU_02,50,36,BENIGN,0,0,0
4,247.0,257.0,0.8239,0.0398,0.8273,81.8,0,0.0619,0.0727,RSU_02,86,72,BENIGN,0,0,0
4,248.0,258.0,0.928,0.0033,0.9318,90.2,0,0.0285,0.0434,RSU_02,76,71,BENIGN,0,0,0
4,249.0,259.0,0.8836,0.0025,0.8866,72.0,0,0.0757,0.0765,RSU_02,123,108,BENIGN,0,0,0
4,250.0,260.0,0.9863,0.0299,0.9895,76.8,0,0.0461,0.0851,RSU_02,65,61,BENIGN,0,0,0
4,251.0,261.0,0.9727,0.0127,0.9754,67.0,0,0.0174,0.0107,RSU_02,63,63,BENIGN,0,0,0
4,252.0,262.0,0.9628,0.0314,0.9652,59.2,0,0.0425,0.0102,RSU_02,120,114,BENIGN,0,0,0
4,253.0,263.0,0.851,0.0087,0.8539,68.3,0,0.0697,0.0902,RSU_02,83,70,BENIGN,0,0,0
4,254.0,264.0,0.7933,0.0237,0.7967,82.0,0,0.0762,0.0262,RSU_02,140,107,BENIGN,0,0,0
4,255.0,265.0,0.9475,0.0099,0.9503,67.4,0,0.0573,0.0812,RSU_02,85,82,BENIGN,0,0,0
4,256.0,266.0,0.8715,0.0215,0.8747,76.7,0,0.0224,0.0163,RSU_02,98,85,BENIGN,0,0,0
4,257.0,267.0,0.9068,0.0242,0.9104,86.8,0,0.0102,0.0996,RSU_02,127,109,BENIGN,0,0,0
4,258.0,268.0,0.8896,0.0078,0.8926,72.1,0,0.0552,0.0903,RSU_02,66,60,BENIGN,0,0,0
4,259.0,269.0,0.911,0.0278,0.9142,75.6,0,0.0258,0.0815,RSU_02,104,93,BENIGN,0,0,0
4,260.0,270.0,0.7842,0.0097,0.7874,76.8,0,0.0072,0.0442,RSU_02,138,109,BENIGN,0,0,0
4,261.0,271.0,0.8513,0.0358,0.8548,83.3,0,0.0341,0.079,RSU_02,73,61,BENIGN,0,0,0
4,262.0,272.0,0.7988,0.0197,0.8019,74.7,0,0.0721,0.0877,RSU_02,54,44,BENIGN,0,0,0
4,263.0,273.0,0.9333,0.0074,0.9362,69.7,0,0.0277,0.0663,RSU_02,98,87,BENIGN,0,0,0
4,264.0,274.0,0.867,0.0013,0.8702,76.7,0,0.0109,0.032,RSU_02,84,71,BENIGN,0,0,0
4,265.0,275.0,0.9058,0.0097,0.909,76.0,0,0.0262,0.032,RSU_02,82,75,BENIGN,0,0,0
4,266.0,276.0,0.8113,0.0009,0.8145,76.7,0,0.0175,0.0107,RSU_02,128,107,BENIGN,0,0,0
4,267.0,277.0,0.7954,0.0325,0.7986,76.5,0,0.0464,0.0236,RSU_02,139,109,BENIGN,0,0,0
4,268.0,278.0,0.793,0.0343,0.7964,80.5,0,0.0251,0.0196,RSU_02,101,82,BENIGN,0,0,0
4,269.0,279.0,0.9363,0.0386,0.9395,77.1,0,0.0183,0.0144,RSU_02,141,134,BENIGN,0,0,0
4,270.0,280.0,0.9366,0.0309,0.9394,68.3,0,0.0736,0.0427,RSU_02,79,77,BENIGN,0,0,0
4,271.0,281.0,0.8682,0.0061,0.8709,65.1,0,0.0376,0.0691,RSU_02,129,115,BENIGN,0,0,0
4,272.0,282.0,0.9451,0.0165,0.9478,63.7,0,0.0557,0.0507,RSU_02,74,69,BENIGN,0,0,0
4,273.0,283.0,0.8856,0.02,0.8882,62.2,1,0.0566,0.0745,RSU_02,122,108,BENIGN,0,0,0
4,274.0,284.0,0.8685,0.0239,0.8722,88.0,0,0.0758,0.0193,RSU_02,140,119,BENIGN,0,0,0
4,275.0,285.0,0.9115,0.0052,0.9146,72.8,0,0.0706,0.0829,RSU_02,115,104,BENIGN,0,0,0
4,276.0,286.0,0.8849,0.0281,0.8882,79.8,0,0.0454,0.0588,RSU_02,83,73,BENIGN,0,0,0
4,277.0,287.0,0.9261,0.0381,0.9289,67.4,0,0.077,0.0556,RSU_02,110,101,BENIGN,0,0,0
4,278.0,288.0,0.8398,0.0267,0.8431,78.5,1,0.0248,0.005,RSU_02,133,109,BENIGN,0,0,0
4,279.0,289.0,0.8329,0.0071,0.8358,70.6,1,0.0619,0.0322,RSU_02,130,107,BENIGN,0,0,0
4,280.0,290.0,0.9169,0.024,0.92,73.6,0,0.074,0.0229,RSU_02,99,88,BENIGN,0,0,0
4,281.0,291.0,0.8763,0.0245,0.879,63.0,0,0.0199,0.0301,RSU_02,111,98,BENIGN,0,0,0
4,282.0,292.0,0.857,0.0109,0.8602,75.1,0,0.0363,0.0807,RSU_02,95,82,BENIGN,0,0,0
4,283.0,293.0,0.9628,0.0009,0.9658,71.1,1,0.0253,0.0185,RSU_02,143,135,BENIGN,0,0,0
4,284.0,294.0,0.8844,0.0094,0.8877,78.9,0,0.0155,0.0223,RSU_02,120,106,BENIGN,0,0,0
4,285.0,295.0,0.8581,0.0322,0.8617,86.8,0,0.0427,0.0105,RSU_02,129,113,BENIGN,0,0,0
4,286.0,296.0,0.9622,0.0114,0.9652,71.6,1,0.0626,0.0671,RSU_02,109,99,BENIGN,0,0,0
4,287.0,297.0,0.8305,0.0138,0.8334,69.2,1,0.0667,0.0366,RSU_02,125,102,BENIGN,0,0,0
4,288.0,298.0,0.8304,0.0345,0.8339,85.4,0,0.0497,0.0817,RSU_02,115,94,BENIGN,0,0,0
4,289.0,299.0,0.8925,0.0396,0.8951,62.2,1,0.059,0.0327,RSU_02,132,116,BENIGN,0,0,0
4,290.0,300.0,0.8048,0.0351,0.8076,67.8,1,0.0669,0.0295,RSU_02,78,64,BENIGN,0,0,0
4,291.0,301.0,0.8904,0.0093,0.8937,77.9,0,0.0646,0.0387,RSU_02,133,121,BENIGN,0,0,0
4,292.0,302.0,0.8724,0.0246,0.8759,83.0,0,0.0056,0.0948,RSU_02,107,92,BENIGN,0,0,0
4,293.0,303.0,0.8897,0.0371,0.8932,83.8,0,0.0052,0.0113,RSU_02,109,97,BENIGN,0,0,0
4,294.0,304.0,0.865,0.0329,0.8679,69.7,0,0.0475,0.0997,RSU_02,128,106,BENIGN,0,0,0
4,295.0,305.0,0.9571,0.0011,0.9598,66.3,0,0.0184,0.0905,RSU_02,113,106,BENIGN,0,0,0
4,296.0,306.0,0.9677,0.0102,0.9705,68.2,0,0.0336,0.0835,RSU_02,127,121,BENIGN,0,0,0
4,297.0,307.0,0.8484,0.0063,0.8516,74.5,0,0.0567,0.0539,RSU_02,135,117,BENIGN,0,0,0
4,298.0,308.0,0.908,0.0287,0.9114,81.7,1,0.0295,0.0215,RSU_02,103,90,BENIGN,0,0,0
4,299.0,309.0,0.8386,0.038,0.8415,69.9,0,0.0287,0.0004,RSU_02,128,109,BENIGN,0,0,0
4,300.0,310.0,0.9077,0.02,0.9105,68.0,0,0.0306,0.0899,RSU_02,74,67,BENIGN,0,0,0
4,301.0,311.0,0.9051,0.0244,0.9079,68.6,0,0.0175,0.0651,RSU_02,126,113,BENIGN,0,0,0
4,302.0,312.0,0.9392,0.0013,0.9427,83.1,0,0.0441,0.097,RSU_02,148,137,BENIGN,0,0,0
4,303.0,313.0,0.9634,0.0227,0.9663,70.2,1,0.0308,0.0113,RSU_02,144,135,BENIGN,0,0,0
4,304.0,314.0,0.8368,0.0241,0.8393,59.5,0,0.0744,0.0857,RSU_02,96,80,BENIGN,0,0,0
4,305.0,315.0,0.9865,0.0122,0.9895,71.5,0,0.0259,0.099,RSU_02,63,63,BENIGN,0,0,0
4,306.0,316.0,0.8034,0.0166,0.8065,72.8,0,0.0632,0.0439,RSU_02,93,74,BENIGN,0,0,0
4,307.0,317.0,0.8448,0.0329,0.8485,90.6,0,0.0453,0.0301,RSU_02,79,69,BENIGN,0,0,0
4,308.0,318.0,0.9733,0.023,0.9768,84.4,0,0.0736,0.0046,RSU_02,84,78,BENIGN,0,0,0
4,309.0,319.0,0.9562,0.0249,0.9589,65.9,0,0.0589,0.0349,RSU_02,144,137,BENIGN,0,0,0
4,310.0,320.0,0.9729,0.0231,0.9758,68.8,0,0.0565,0.0417,RSU_02,72,72,BENIGN,0,0,0
4,311.0,321.0,0.911,0.0083,0.9144,79.7,0,0.0635,0.0948,RSU_02,139,129,BENIGN,0,0,0
4,312.0,322.0,0.905,0.0219,0.9078,66.8,0,0.0741,0.0536,RSU_02,101,88,BENIGN,0,0,0
4,313.0,323.0,0.9079,0.0244,0.9107,67.2,0,0.0237,0.0834,RSU_02,66,55,BENIGN,0,0,0
4,314.0,324.0,0.8257,0.0271,0.8285,66.5,0,0.0073,0.0147,RSU_02,100,80,BENIGN,0,0,0
4,315.0,325.0,0.9113,0.0249,0.9144,74.5,0,0.0118,0.0544,RSU_02,88,80,BENIGN,0,0,0
4,316.0,326.0,0.8555,0.0025,0.8589,82.6,1,0.0784,0.0119,RSU_02,75,58,BENIGN,0,0,0
4,317.0,327.0,0.8607,0.0046,0.8638,73.5,1,0.016,0.0052,RSU_02,93,82,BENIGN,0,0,0
4,318.0,328.0,0.8221,0.0138,0.8253,76.8,0,0.0676,0.0088,RSU_02,135,113,BENIGN,0,0,0
4,319.0,329.0,0.8512,0.0301,0.8547,83.9,0,0.0628,0.023,RSU_02,147,124,BENIGN,0,0,0
4,320.0,330.0,0.865,0.001,0.8686,86.4,0,0.0482,0.029,RSU_02,93,81,BENIGN,0,0,0
4,321.0,331.0,0.8695,0.0285,0.8724,67.9,0,0.0517,0.0185,RSU_02,70,60,BENIGN,0,0,0
4,322.0,332.0,0.9888,0.0261,0.9917,68.1,0,0.0485,0.041,RSU_02,81,78,BENIGN,0,0,0
4,323.0,333.0,0.8078,0.0306,0.8103,59.0,0,0.0655,0.0125,RSU_02,147,118,BENIGN,0,0,0
4,324.0,334.0,0.8682,0.0082,0.8707,60.7,0,0.0339,0.0664,RSU_02,57,49,BENIGN,0,0,0
4,325.0,335.0,0.9826,0.0009,0.9859,79.7,1,0.0472,0.0776,RSU_02,128,128,BENIGN,0,0,0
4,326.0,336.0,0.7894,0.0225,0.7925,74.8,0,0.0328,0.0773,RSU_02,90,72,BENIGN,0,0,0
4,327.0,337.0,0.8093,0.0018,0.8122,68.6,1,0.0433,0.0794,RSU_02,111,90,BENIGN,0,0,0
4,328.0,338.0,0.856,0.0126,0.8597,88.2,0,0.057,0.0162,RSU_02,51,45,BENIGN,0,0,0
4,329.0,339.0,0.9444,0.0269,0.9477,78.8,0,0.0398,0.0718,RSU_02,132,124,BENIGN,0,0,0
4,330.0,340.0,0.875,0.0354,0.8778,68.4,0,0.0276,0.0374,RSU_02,136,116,BENIGN,0,0,0
4,331.0,341.0,0.883,0.0273,0.8871,97.4,0,0.0069,0.0179,RSU_02,90,82,BENIGN,0,0,0
4,332.0,342.0,0.9588,0.0126,0.962,78.1,0,0.0771,0.0689,RSU_02,89,85,BENIGN,0,0,0
4,333.0,343.0,0.8565,0.02,0.8596,75.9,0,0.0724,0.0632,RSU_02,89,75,BENIGN,0,0,0
4,334.0,344.0,0.8718,0.0189,0.8748,70.9,0,0.0399,0.0884,RSU_02,110,94,BENIGN,0,0,0
4,335.0,345.0,0.9755,0.038,0.9783,66.7,1,0.0759,0.0944,RSU_02,131,130,BENIGN,0,0,0
4,336.0,346.0,0.8082,0.0156,0.8116,80.9,0,0.0777,0.0351,RSU_02,136,110,BENIGN,0,0,0
4,337.0,347.0,0.7908,0.0048,0.7938,71.7,0,0.0155,0.0838,RSU_02,56,42,BENIGN,0,0,0
4,338.0,348.0,0.8586,0.0083,0.862,81.3,0,0.0576,0.0811,RSU_02,63,57,BENIGN,0,0,0
4,339.0,349.0,0.9342,0.0215,0.9367,60.6,0,0.0173,0.031,RSU_02,146,136,BENIGN,0,0,0
4,340.0,350.0,0.7963,0.016,0.8001,91.5,0,0.0475,0.0287,RSU_02,134,105,BENIGN,0,0,0
4,341.0,351.0,0.865,0.0016,0.868,70.8,1,0.0218,0.0401,RSU_02,97,81,BENIGN,0,0,0
4,342.0,352.0,0.8869,0.0126,0.8894,60.0,0,0.0664,0.0546,RSU_02,83,74,BENIGN,0,0,0
4,343.0,353.0,0.986,0.0251,0.9886,62.2,0,0.0705,0.0329,RSU_02,90,87,BENIGN,0,0,0
4,344.0,354.0,0.9427,0.0179,0.9458,75.6,0,0.0425,0.0901,RSU_02,105,99,BENIGN,0,0,0
4,345.0,355.0,0.8003,0.0298,0.8032,70.5,0,0.0087,0.0405,RSU_02,130,100,BENIGN,0,0,0
4,346.0,356.0,0.9811,0.0084,0.9846,83.6,0,0.0031,0.0872,RSU_02,125,122,BENIGN,0,0,0
4,347.0,357.0,0.8791,0.018,0.8824,79.0,0,0.0268,0.0534,RSU_02,95,83,BENIGN,0,0,0
4,348.0,358.0,0.9404,0.0383,0.9436,77.2,0,0.0515,0.0983,RSU_02,81,75,BENIGN,0,0,0
4,349.0,359.0,0.968,0.0224,0.971,70.8,0,0.0234,0.0743,RSU_02,100,94,BENIGN,0,0,0
4,350.0,360.0,0.957,0.0235,0.9601,76.0,0,0.0302,0.0087,RSU_02,96,89,BENIGN,0,0,0
4,351.0,361.0,0.9756,0.0329,0.9784,68.1,0,0.0511,0.0137,RSU_02,64,64,BENIGN,0,0,0
4,352.0,362.0,0.957,0.0397,0.9601,75.8,1,0.0293,0.0454,RSU_02,121,114,BENIGN,0,0,0
4,353.0,363.0,0.8854,0.0312,0.8888,80.3,1,0.0175,0.0871,RSU_02,55,50,BENIGN,0,0,0
4,354.0,364.0,0.9314,0.0313,0.9347,78.1,0,0.0747,0.0368,RSU_02,118,112,BENIGN,0,0,0
4,355.0,365.0,0.7807,0.0113,0.7839,78.6,0,0.0431,0.0178,RSU_02,140,114,BENIGN,0,0,0
4,356.0,366.0,0.8747,0.0223,0.8777,71.3,0,0.0002,0.0366,RSU_02,63,59,BENIGN,0,0,0
4,357.0,367.0,0.8782,0.0084,0.8813,72.1,0,0.074,0.0054,RSU_02,136,123,BENIGN,0,0,0
4,358.0,368.0,0.983,0.0113,0.9869,92.9,0,0.0471,0.0993,RSU_02,138,136,BENIGN,0,0,0
4,359.0,369.0,0.8238,0.0162,0.827,75.9,0,0.0268,0.0344,RSU_02,126,103,BENIGN,0,0,0
4,360.0,370.0,0.8423,0.0399,0.8452,69.9,0,0.0763,0.0941,RSU_02,131,110,BENIGN,0,0,0
4,361.0,371.0,0.8345,0.0244,0.8377,75.3,0,0.0033,0.0969,RSU_02,141,114,BENIGN,0,0,0
4,362.0,372.0,0.9653,0.0275,0.9684,76.3,0,0.0222,0.0447,RSU_02,92,84,BENIGN,0,0,0
4,363.0,373.0,0.7946,0.0238,0.7984,90.9,0,0.0011,0.0325,RSU_02,143,113,BENIGN,0,0,0
4,364.0,374.0,0.8461,0.0251,0.8493,76.7,0,0.0609,0.0501,RSU_02,138,116,BENIGN,0,0,0
4,365.0,375.0,0.9549,0.0269,0.958,75.7,0,0.0141,0.0918,RSU_02,74,70,BENIGN,0,0,0
4,366.0,376.0,0.8266,0.0201,0.8299,79.6,1,0.0664,0.0147,RSU_02,104,84,BENIGN,0,0,0
4,367.0,377.0,0.9448,0.0261,0.9481,79.7,0,0.0347,0.0112,RSU_02,120,114,BENIGN,0,0,0
4,368.0,378.0,0.9248,0.0288,0.9279,73.8,0,0.0446,0.0223,RSU_02,144,132,BENIGN,0,0,0
4,369.0,379.0,0.9736,0.0355,0.9763,65.6,0,0.0324,0.0038,RSU_02,54,54,BENIGN,0,0,0
4,370.0,380.0,0.9131,0.0287,0.9165,80.7,0,0.0015,0.0105,RSU_02,85,74,BENIGN,0,0,0
4,371.0,381.0,0.9516,0.0266,0.955,82.7,0,0.0588,0.0272,RSU_02,149,142,BENIGN,0,0,0
4,372.0,382.0,0.9848,0.0395,0.9877,69.6,0,0.0636,0.0629,RSU_02,102,99,BENIGN,0,0,0
4,373.0,383.0,0.9595,0.006,0.9625,72.7,0,0.0757,0.0507,RSU_02,142,136,BENIGN,0,0,0
4,374.0,384.0,0.9116,0.0202,0.9151,83.9,0,0.0774,0.0692,RSU_02,75,66,BENIGN,0,0,0
4,375.0,385.0,0.8014,0.036,0.8044,71.8,0,0.0229,0.0259,RSU_02,142,114,BENIGN,0,0,0
4,376.0,386.0,0.9717,0.0031,0.9747,70.9,0,0.066,0.0547,RSU_02,116,113,BENIGN,0,0,0
4,377.0,387.0,0.9402,0.0013,0.9439,89.3,1,0.0364,0.0151,RSU_02,132,123,BENIGN,0,0,0
4,378.0,388.0,0.9422,0.0192,0.9451,70.1,0,0.0631,0.0074,RSU_02,69,61,BENIGN,0,0,0
4,379.0,389.0,0.789,0.0063,0.7923,79.0,1,0.0513,0.0399,RSU_02,132,104,BENIGN,0,0,0
4,380.0,390.0,0.8061,0.0378,0.8095,81.3,0,0.0273,0.0713,RSU_02,102,79,BENIGN,0,0,0
4,381.0,391.0,0.8632,0.0235,0.8664,78.2,0,0.0206,0.069,RSU_02,80,68,BENIGN,0,0,0
4,382.0,392.0,0.8364,0.0076,0.8393,70.4,1,0.0407,0.0204,RSU_02,126,106,BENIGN,0,0,0
4,383.0,393.0,0.9871,0.04,0.9905,80.3,0,0.0696,0.076,RSU_02,88,84,BENIGN,0,0,0
4,384.0,394.0,0.8972,0.0187,0.9002,74.1,0,0.0461,0.0551,RSU_02,146,130,BENIGN,0,0,0
4,385.0,395.0,0.872,0.0188,0.8755,83.3,0,0.0223,0.038,RSU_02,109,95,BENIGN,0,0,0
4,386.0,396.0,0.8463,0.0245,0.85,88.7,0,0.0106,0.0253,RSU_02,54,47,BENIGN,0,0,0
4,387.0,397.0,0.8315,0.0262,0.8346,73.4,1,0.0049,0.0437,RSU_02,141,117,BENIGN,0,0,0
4,388.0,398.0,0.8492,0.0029,0.8521,68.6,0,0.0795,0.087,RSU_02,96,83,BENIGN,0,0,0
4,389.0,399.0,0.822,0.0188,0.8255,83.7,0,0.0729,0.001,RSU_02,128,107,BENIGN,0,0,0
4,390.0,400.0,0.9242,0.0023,0.9273,73.6,0,0.0335,0.0584,RSU_02,56,50,BENIGN,0,0,0
4,391.0,401.0,0.814,0.0214,0.8172,77.0,0,0.073,0.0016,RSU_02,114,91,BENIGN,0,0,0
4,392.0,402.0,0.8392,0.025,0.8422,71.9,0,0.0329,0.0234,RSU_02,101,82,BENIGN,0,0,0
4,393.0,403.0,0.8511,0.0317,0.8543,77.9,0,0.017,0.0738,RSU_02,144,123,BENIGN,0,0,0
4,394.0,404.0,0.9274,0.007,0.9304,73.6,0,0.0778,0.0615,RSU_02,66,60,BENIGN,0,0,0
4,395.0,405.0,0.8626,0.031,0.8663,89.0,0,0.0779,0.0271,RSU_02,120,106,BENIGN,0,0,0
4,396.0,406.0,0.827,0.0214,0.8301,75.5,0,0.045,0.07,RSU_02,149,124,BENIGN,0,0,0
4,397.0,407.0,0.9107,0.013,0.9138,75.2,1,0.0366,0.0216,RSU_02,136,123,BENIGN,0,0,0
4,398.0,408.0,0.806,0.0068,0.8093,78.8,0,0.0791,0.0726,RSU_02,54,43,BENIGN,0,0,0
4,399.0,409.0,0.8124,0.0336,0.8152,68.2,0,0.0051,0.029,RSU_02,80,68,BENIGN,0,0,0
4,400.0,410.0,0.8432,0.0373,0.8463,74.1,1,0.0248,0.036,RSU_02,97,79,BENIGN,0,0,0
4,401.0,411.0,0.9631,0.0303,0.9666,84.5,0,0.0578,0.0087,RSU_02,52,50,BENIGN,0,0,0
4,402.0,412.0,0.8248,0.0036,0.8282,82.2,0,0.056,0.0722,RSU_02,67,55,BENIGN,0,0,0
4,403.0,413.0,0.9283,0.0324,0.9313,73.3,0,0.0488,0.0111,RSU_02,118,108,BENIGN,0,0,0
4,404.0,414.0,0.9587,0.0271,0.9617,70.7,0,0.02,0.0954,RSU_02,95,92,BENIGN,0,0,0
4,405.0,415.0,0.9355,0.032,0.9383,67.2,1,0.058,0.0202,RSU_02,118,114,BENIGN,0,0,0
4,406.0,416.0,0.7824,0.0141,0.7858,83.0,0,0.0399,0.0949,RSU_02,144,111,BENIGN,0,0,0
4,407.0,417.0,0.9457,0.0002,0.9486,70.2,0,0.0102,0.0538,RSU_02,74,69,BENIGN,0,0,0
4,408.0,418.0,0.8873,0.0392,0.8903,71.9,0,0.0099,0.0373,RSU_02,143,125,BENIGN,0,0,0
4,409.0,419.0,0.7984,0.0285,0.8014,71.7,0,0.0778,0.0537,RSU_02,99,80,BENIGN,0,0,0
4,410.0,420.0,0.9169,0.001,0.9201,77.8,0,0.0439,0.0595,RSU_02,70,61,BENIGN,0,0,0
4,411.0,421.0,0.9073,0.0338,0.9102,68.5,0,0.0237,0.0912,RSU_02,124,110,BENIGN,0,0,0
4,412.0,422.0,0.9809,0.0124,0.9837,67.3,0,0.0264,0.019,RSU_02,130,127,BENIGN,0,0,0
4,413.0,423.0,0.8711,0.0165,0.8739,66.5,0,0.0403,0.0815,RSU_02,131,111,BENIGN,0,0,0
4,414.0,424.0,0.8053,0.005,0.8083,73.1,0,0.0758,0.0819,RSU_02,105,84,BENIGN,0,0,0
4,415.0,425.0,0.8287,0.0067,0.8323,86.1,0,0.0608,0.0345,RSU_02,63,55,BENIGN,0,0,0
4,416.0,426.0,0.9266,0.0212,0.9293,65.4,0,0.0775,0.0903,RSU_02,101,90,BENIGN,0,0,0
4,417.0,427.0,0.8289,0.0265,0.8319,72.3,0,0.0401,0.0659,RSU_02,118,99,BENIGN,0,0,0
4,418.0,428.0,0.896,0.0234,0.8986,62.9,0,0.0242,0.064,RSU_02,132,118,BENIGN,0,0,0
4,419.0,429.0,0.9769,0.0085,0.9795,63.1,0,0.0205,0.0149,RSU_02,123,120,BENIGN,0,0,0
4,420.0,430.0,0.8971,0.0132,0.9,68.6,0,0.0275,0.029,RSU_02,95,84,BENIGN,0,0,0
4,421.0,431.0,0.9216,0.0118,0.9249,78.6,0,0.0423,0.084,RSU_02,56,47,BENIGN,0,0,0
4,422.0,432.0,0.8244,0.0298,0.8275,74.7,0,0.0517,0.0923,RSU_02,66,52,BENIGN,0,0,0
4,423.0,433.0,0.8959,0.0155,0.8989,71.6,0,0.0676,0.0004,RSU_02,102,91,BENIGN,0,0,0
4,424.0,434.0,0.9546,0.0335,0.9579,79.5,1,0.0666,0.0153,RSU_02,113,106,BENIGN,0,0,0
4,425.0,435.0,0.7998,0.0211,0.803,75.8,0,0.0233,0.0973,RSU_02,135,111,BENIGN,0,0,0
4,426.0,436.0,0.9692,0.013,0.9723,75.6,0,0.0586,0.0736,RSU_02,51,49,BENIGN,0,0,0
4,427.0,437.0,0.8819,0.0243,0.8854,85.4,0,0.0128,0.0779,RSU_02,79,70,BENIGN,0,0,0
4,428.0,438.0,0.9733,0.0352,0.9764,76.2,0,0.0387,0.0359,RSU_02,82,76,BENIGN,0,0,0
4,429.0,439.0,0.8453,0.0076,0.8484,76.5,0,0.038,0.0069,RSU_02,120,98,BENIGN,0,0,0
4,430.0,440.0,0.97,0.0036,0.9728,68.2,0,0.0696,0.0377,RSU_02,138,138,BENIGN,0,0,0
4,431.0,441.0,0.9233,0.0013,0.9262,69.7,0,0.0107,0.0636,RSU_02,116,107,BENIGN,0,0,0
4,432.0,442.0,0.9409,0.023,0.9443,80.7,0,0.0209,0.0912,RSU_02,51,49,BENIGN,0,0,0
4,433.0,443.0,0.7852,0.0026,0.7888,84.9,0,0.0519,0.0965,RSU_02,105,80,BENIGN,0,0,0
4,434.0,444.0,0.7844,0.0109,0.7868,57.8,0,0.0359,0.0198,RSU_02,58,45,BENIGN,0,0,0
4,435.0,445.0,0.9098,0.0021,0.913,78.4,0,0.0593,0.011,RSU_02,116,106,BENIGN,0,0,0
4,436.0,446.0,0.935,0.0277,0.9383,79.6,0,0.0209,0.0925,RSU_02,67,64,BENIGN,0,0,0
4,437.0,447.0,0.9536,0.0001,0.9566,71.6,1,0.0666,0.0262,RSU_02,138,132,BENIGN,0,0,0
4,438.0,448.0,0.7925,0.0332,0.7959,82.5,0,0.0137,0.0372,RSU_02,110,89,BENIGN,0,0,0
4,439.0,449.0,0.8059,0.0345,0.8085,62.5,1,0.0025,0.0977,RSU_02,69,55,BENIGN,0,0,0
4,440.0,450.0,0.9065,0.034,0.9097,75.4,1,0.0038,0.08,RSU_02,89,78,BENIGN,0,0,0
4,441.0,451.0,0.8032,0.0347,0.8062,71.1,0,0.0435,0.0039,RSU_02,96,76,BENIGN,0,0,0
4,442.0,452.0,0.9606,0.0048,0.9639,78.5,0,0.0728,0.0846,RSU_02,120,116,BENIGN,0,0,0
4,443.0,453.0,0.8977,0.0142,0.9009,75.3,0,0.0455,0.0257,RSU_02,94,87,BENIGN,0,0,0
4,444.0,454.0,0.9589,0.0152,0.9618,68.8,0,0.0598,0.0175,RSU_02,92,87,BENIGN,0,0,0
4,445.0,455.0,0.8796,0.0345,0.8832,85.4,0,0.0139,0.0019,RSU_02,115,104,BENIGN,0,0,0
4,446.0,456.0,0.9003,0.0036,0.9032,68.8,0,0.0744,0.0626,RSU_02,68,65,BENIGN,0,0,0
4,447.0,457.0,0.9124,0.0259,0.9151,65.3,1,0.0467,0.0183,RSU_02,110,100,BENIGN,0,0,0
4,448.0,458.0,0.9176,0.0358,0.9207,75.0,0,0.068,0.0981,RSU_02,147,133,BENIGN,0,0,0
4,449.0,459.0,0.7903,0.0335,0.7935,77.1,1,0.0392,0.0815,RSU_02,81,65,BENIGN,0,0,0
4,450.0,460.0,0.7984,0.0345,0.802,86.6,0,0.0634,0.0316,RSU_02,85,66,BENIGN,0,0,0
4,451.0,461.0,0.9578,0.0228,0.9606,66.5,0,0.0507,0.0187,RSU_02,132,126,BENIGN,0,0,0
4,452.0,462.0,0.9574,0.0293,0.9605,74.4,0,0.0587,0.0105,RSU_02,77,75,BENIGN,0,0,0
4,453.0,463.0,0.826,0.0394,0.8286,62.4,0,0.0678,0.0026,RSU_02,144,120,BENIGN,0,0,0
4,454.0,464.0,0.9159,0.0088,0.9188,70.5,0,0.0607,0.0087,RSU_02,98,90,BENIGN,0,0,0
4,455.0,465.0,0.8137,0.0307,0.8166,68.6,0,0.0047,0.084,RSU_02,144,118,BENIGN,0,0,0
4,456.0,466.0,0.8802,0.0242,0.8829,65.3,0,0.0535,0.0554,RSU_02,85,76,BENIGN,0,0,0
4,457.0,467.0,0.9281,0.0328,0.9317,86.0,1,0.0529,0.0013,RSU_02,68,62,BENIGN,0,0,0
4,458.0,468.0,0.9168,0.0119,0.9195,64.3,0,0.0744,0.0741,RSU_02,78,70,BENIGN,0,0,0
4,459.0,469.0,0.8886,0.0358,0.8913,64.1,0,0.0277,0.0861,RSU_02,55,47,BENIGN,0,0,0
4,460.0,470.0,0.9693,0.0123,0.9728,83.9,0,0.0372,0.0865,RSU_02,127,121,BENIGN,0,0,0
4,461.0,471.0,0.9442,0.0083,0.9477,82.6,1,0.0229,0.0493,RSU_02,94,88,BENIGN,0,0,0
4,462.0,472.0,0.8168,0.0307,0.8208,96.0,0,0.032,0.0506,RSU_02,114,95,BENIGN,0,0,0
4,463.0,473.0,0.9561,0.0396,0.9593,76.0,1,0.0378,0.097,RSU_02,104,100,BENIGN,0,0,0
4,464.0,474.0,0.8283,0.0042,0.8307,57.9,0,0.0022,0.0292,RSU_02,89,72,BENIGN,0,0,0
4,465.0,475.0,0.8413,0.0176,0.8437,59.6,0,0.0083,0.0261,RSU_02,54,46,BENIGN,0,0,0
4,466.0,476.0,0.8573,0.0007,0.8609,86.5,0,0.0672,0.078,RSU_02,56,48,BENIGN,0,0,0
4,467.0,477.0,0.8905,0.0142,0.8937,77.3,0,0.0477,0.0978,RSU_02,149,132,BENIGN,0,0,0
4,468.0,478.0,0.8549,0.0394,0.8578,70.0,0,0.0566,0.0449,RSU_02,51,46,BENIGN,0,0,0
4,469.0,479.0,0.8183,0.0009,0.8215,76.7,0,0.0284,0.0918,RSU_02,149,121,BENIGN,0,0,0
4,470.0,480.0,0.9285,0.0168,0.9323,90.6,0,0.0535,0.0122,RSU_02,76,73,BENIGN,0,0,0
4,471.0,481.0,0.9274,0.0166,0.9303,69.9,0,0.0479,0.043,RSU_02,96,89,BENIGN,0,0,0
4,472.0,482.0,0.7824,0.0091,0.7852,67.1,0,0.0266,0.0032,RSU_02,110,85,BENIGN,0,0,0
4,473.0,483.0,0.9897,0.0378,0.9925,66.8,0,0.0002,0.0795,RSU_02,85,84,BENIGN,0,0,0
4,474.0,484.0,0.8899,0.0264,0.8929,72.6,0,0.0599,0.0246,RSU_02,82,72,BENIGN,0,0,0
4,475.0,485.0,0.9434,0.039,0.9461,65.8,0,0.0554,0.0406,RSU_02,88,80,BENIGN,0,0,0
4,476.0,486.0,0.8777,0.0118,0.8798,52.7,0,0.062,0.0854,RSU_02,92,80,BENIGN,0,0,0
4,477.0,487.0,0.7894,0.0012,0.7924,70.3,0,0.049,0.0303,RSU_02,124,98,BENIGN,0,0,0
4,478.0,488.0,0.9168,0.0244,0.92,74.8,1,0.0413,0.0926,RSU_02,102,97,BENIGN,0,0,0
4,479.0,489.0,0.8788,0.0073,0.8819,73.9,1,0.0478,0.0693,RSU_02,96,84,BENIGN,0,0,0
4,480.0,490.0,0.9232,0.0316,0.9263,73.3,1,0.077,0.0149,RSU_02,103,93,BENIGN,0,0,0
4,481.0,491.0,0.8106,0.0175,0.8139,80.1,0,0.0524,0.07,RSU_02,136,110,BENIGN,0,0,0
4,482.0,492.0,0.7953,0.0017,0.7985,77.1,0,0.0081,0.0087,RSU_02,104,84,BENIGN,0,0,0
4,483.0,493.0,0.9261,0.0261,0.9293,77.5,0,0.0256,0.0243,RSU_02,84,77,BENIGN,0,0,0
4,484.0,494.0,0.9517,0.0022,0.955,77.0,0,0.0559,0.0439,RSU_02,123,119,BENIGN,0,0,0
4,485.0,495.0,0.8117,0.0323,0.8148,74.7,0,0.0369,0.0075,RSU_02,121,98,BENIGN,0,0,0
4,486.0,496.0,0.8815,0.0112,0.8845,72.7,0,0.0573,0.0886,RSU_02,50,43,BENIGN,0,0,0
4,487.0,497.0,0.8828,0.0036,0.8863,82.4,0,0.0597,0.0847,RSU_02,60,54,BENIGN,0,0,0
4,488.0,498.0,0.925,0.0,0.9282,78.3,0,0.0745,0.055,RSU_02,112,104,BENIGN,0,0,0
4,489.0,499.0,0.908,0.0363,0.9114,79.6,0,0.0466,0.0171,RSU_02,141,131,BENIGN,0,0,0
4,490.0,500.0,0.7958,0.0171,0.7993,83.2,0,0.0191,0.063,RSU_02,130,105,BENIGN,0,0,0
4,491.0,501.0,0.9726,0.0273,0.9756,73.5,0,0.0194,0.0608,RSU_02,146,143,BENIGN,0,0,0
4,492.0,502.0,0.9801,0.0054,0.9831,72.4,0,0.0153,0.0421,RSU_02,108,106,BENIGN,0,0,0
4,493.0,503.0,0.9722,0.0157,0.9747,61.3,0,0.0347,0.0702,RSU_02,116,114,BENIGN,0,0,0
4,494.0,504.0,0.8294,0.0183,0.8321,63.4,0,0.0549,0.0742,RSU_02,127,101,BENIGN,0,0,0
4,495.0,505.0,0.8802,0.0318,0.8837,84.4,1,0.0504,0.0474,RSU_02,114,99,BENIGN,0,0,0
4,496.0,506.0,0.986,0.0282,0.9891,75.0,0,0.0459,0.0037,RSU_02,87,87,BENIGN,0,0,0
4,497.0,507.0,0.9816,0.0109,0.9851,84.9,0,0.0596,0.0419,RSU_02,98,96,BENIGN,0,0,0
4,498.0,508.0,0.8893,0.0212,0.8921,68.8,1,0.0638,0.0968,RSU_02,55,50,BENIGN,0,0,0
4,499.0,509.0,0.9779,0.0285,0.9816,87.4,0,0.0417,0.0162,RSU_02,88,87,BENIGN,0,0,0
